{
    "compname programname": {
        "argname" : "argname",
        "arg": {
            "aspire": {
                "loading": 0.01,
                "open": "filename.txt"
            }
        }
    },
    "laptop model_ha.sh": {
        "argname": "computer model",
        "arg": {
            "acer-aspire": {
                "loading": 0.02,
                "open": "acer-aspire-passwords.txt"
            },
            "dell-xps": {
                "loading": 0.08,
                "open": "dell-xps-passwords.txt"
            },
            "hp-compaq": {
                "loading": 0.06,
                "open": "hp-compaq-passwords.txt"
            },
            "hp-pavillion": {
                "loading": 0.06,
                "open": "hp-pavillion-passwords.txt"
            },
            "hp-elitebook": {
                "loading": 0.06,
                "open": "hp-elitebook-passwords.txt"
            }
        }
    },
    "laptop ssn_ha.sh": {
        "argname": "ssn",
        "arg": {
            "123456789": {
                "loading": 0.04,
                "open": "123456789-passwords.txt"
            }
        }
    },
    "laptop do_work.workflow": {
        "argname": "task",
        "arg": {
            "sort invoices": {
                "loading": 0.02,
                "message": "invoices successfully sorted!",
                "reputation": 1
            },
            "check vacation rentals": {
                "loading": 0.02,
                "message": "vacation rentals successfully checked. the boss is in for a nice summer!",
                "reputation": 2
            },
            "filter junkmail": {
                "loading": 0.02,
                "message": "invoices successfully sorted!",
                "reputation": 1
            },
            "social media ads": {
                "loading": 0.02,
                "message": "adds successfully overflowing on social media! you can't complain if you're the one that puts them there.",
                "reputation": 3
            },
            "make money": {
                "loading": 0.05,
                "message": "ERROR: be more specific."
            },
            "define justice": {
                "loading": 0.05,
                "message": "ERROR: modern technology only foes so far :("
            }
        }
    },
    "laptop personalities.py": {
        "argname": "target",
        "arg": {
            "Ian": {
                "loading": 0.02,
                "message": "- into sports\n- only plays golf\n- likes fancy things\n- is too invested in relationship"
            },
            "Jessica": {
                "loading": 0.02,
                "message": "- likes flowers a lot\n- likes the beach\n- brings around her keys wherever she goes\n- somewhat careless with important information"
            },
            "Kenneth": {
                "loading": 0.02,
                "message": "- does things on a whim\n- history of weak passwords\n- heavily influenced by surroundings"
            },
            "Larry": {
                "loading": 0.02,
                "message": "- likes certain chinese words\n- likes to memorize things\n- is very overconfident\n- often works closely with Boss"
            },
            "Talos": {
                "loading": 0.02,
                "message": "[no data found]"
            },
            "Teresa": {
                "loading": 0.02,
                "message": "- obsessed with gossip\n- careful with her information"
            }
        }
    },

    "cam_anlyz.data": {
        "argname": "location",
        "arg": {
            "Ian's-cubicle": {
                "loading": 0.01,
                "message": "- filing-cabinet\n- golf-club"
            },
            "Jessica's-cubicle": {
                "loading": 0.01,
                "message": "- flowers\n- postcard"
            },
            "Kenneth's-cubicle": {
                "loading": 0.01,
                "message": "- poster"
            },
            "Larry's-cubicle": {
                "loading": 0.01,
                "message": "- chinese-dictionary"
            },
            "Teresa's-cubicle": {
                "loading": 0.01,
                "message": "[none]"
            },
            "Boss's-cubicle": {
                "loading": 0.01,
                "message": "[#######]"
            },
            "SORT": {
                "loading": 0.01,
                "message": "[none]"
            }
        }
    },

    "crypto.sh": {
        "argname": "person",
        "arg": {
            "alice": {
                "loading": 0.03,
                "open": "alice.txt"
            },
            "bob": {
                "loading": 0.03,
                "open": "bob.txt"
            },
            "eve": {
                "loading": 0.03,
                "open": "eve.txt"
            }
        }
    }
}